Time,TC1/v (m3_per_s),TC2/v (m3_per_s),TC3/v (m3_per_s),TC4/v (m3_per_s),TC5/v (m3_per_s),TC9/v (m3_per_s)
0.0,0.0,0.0,0.0,-2.2537083104317968e-12,0.0,-1.5394182448304624e-13
0.01,-8.362800939251288e-14,-1.0774464383057023e-13,3.418292809618187e-14,-1.9809851180360665e-13,5.193924512317197e-14,-8.445766648303744e-15
0.02,-2.0116960369011106e-14,-2.9433069667425743e-14,1.3107127083255752e-14,2.0020295048150717e-13,9.999896247259386e-14,1.6206457114028018e-13
0.03,-4.861465166869937e-15,-7.567680683945785e-15,4.02151683609996e-15,4.694890755994144e-13,1.4648178116124382e-13,3.221178032514049e-13
0.04,-1.2145288799413567e-15,-1.9606411499851904e-15,1.1478642328943799e-15,6.804941854320896e-13,1.8948404052823898e-13,4.628164880231558e-13
0.05,-3.0921190357528585e-16,-5.110044564590314e-16,3.176376958695336e-16,8.547932026817528e-13,2.278567403511889e-13,5.844889452860853e-13
0.06,-7.787720130596654e-17,-1.3166132825191957e-16,8.717929590672968e-17,1.0024369475657276e-12,2.6152463709472475e-13,6.894641774579314e-13
0.07,-1.7458607770803563e-17,-3.1353676686167337e-17,2.4562590303681553e-17,1.1289321618234175e-12,2.908282056182353e-13,7.800741689472426e-13
0.08,-1.2802757009049158e-18,-4.443838388939986e-18,7.810199261026811e-18,1.2378521238765617e-12,3.162374368991668e-13,8.583356229745094e-13
0.09,3.2790199410702406e-18,3.0271912728663336e-18,3.4247779262566775e-18,1.3318530992722555e-12,3.382347231627641e-13,9.259657506560818e-13
0.1,4.7383119672542605e-18,5.303709690107845e-18,2.3420066716049847e-18,1.4130671868238846e-12,3.5726650229732946e-13,9.844291594684459e-13
0.11,5.343717001077859e-18,6.162536219479709e-18,2.129685250987368e-18,1.4832711419378723e-12,3.737288041377547e-13,1.0349792512409485e-12
0.12,5.693322966826964e-18,6.610621553793912e-18,2.1391350122248364e-18,1.5439733874433123e-12,3.8796732102252457e-13,1.0786925351008747e-12
0.13,5.949541736342866e-18,6.919902733950762e-18,2.1987307410187698e-18,1.5964666420847992e-12,4.002820657670058e-13,1.1164962418896635e-12
0.14,6.158897549632173e-18,7.166612820552855e-18,2.2639610535936147e-18,1.6418639394220772e-12,4.1093285039894615e-13,1.1491904876545706e-12
0.15,6.336718825393435e-18,7.374471654791496e-18,2.324019713347895e-18,1.6811257725144948e-12,4.20144483580426e-13,1.1774664176080975e-12
0.16,6.48965312364823e-18,7.552781962144012e-18,2.3769325259214763e-18,1.715081915496532e-12,4.2811142381720765e-13,1.2019213864628231e-12
0.17,6.621695772536088e-18,7.706611777097351e-18,2.4229537788236135e-18,1.7444496094699074e-12,4.3500185855471535e-13,1.2230718461676074e-12
0.18,6.7358370305572695e-18,7.839553884263242e-18,2.462825360987835e-18,1.7698489978349596e-12,4.409612490131343e-13,1.241364378357683e-12
0.19,6.834539877795243e-18,7.954505975985409e-18,2.4973278104398452e-18,1.7918163478581184e-12,4.4611540042915234e-13,1.2571851821914061e-12
0.2,6.919901929243419e-18,8.053918706194138e-18,2.527173170583087e-18,1.8108154292427212e-12,4.505731183019831e-13,1.2708682549217091e-12
0.21,6.993728803143472e-18,8.139896947468992e-18,2.5529871226477486e-18,1.8272473302341283e-12,4.5442850575329527e-13,1.2827024554083807e-12
0.22,7.057579902847686e-18,8.214257313172202e-18,2.5753134319698917e-18,1.841458936256033e-12,4.577629503541175e-13,1.2929376078230737e-12
0.23,7.112803349026846e-18,8.278569955012259e-18,2.5946230924849347e-18,1.8537502579316337e-12,4.606468423918916e-13,1.30178977814417e-12
0.24,7.160564957374205e-18,8.334192609205515e-18,2.6113236455742115e-18,1.864380766695534e-12,4.6314106090138e-13,1.309445836551105e-12
0.25,7.20187298550935e-18,8.382299490196901e-18,2.625767616062991e-18,1.8735748733195544e-12,4.652982588671383e-13,1.3160674028227185e-12
0.26,7.237599446603143e-18,8.423906137595616e-18,2.638259909874798e-18,1.8815266657168384e-12,4.671639747504518e-13,1.3217942583912174e-12
0.27,7.268498523909558e-18,8.459890867344141e-18,2.649064237028883e-18,1.888404006361914e-12,4.687775938169705e-13,1.3267472972473277e-12
0.28,7.295222497740998e-18,8.491013316309826e-18,2.6584086764367877e-18,1.8943520759695864e-12,4.701731795647065e-13,1.331031078066847e-12
0.29,7.318335510148213e-18,8.517930478701803e-18,2.6664904887530202e-18,1.89949643830622e-12,4.713801928068002e-13,1.3347360314690732e-12
0.3,7.338325476333046e-18,8.54121057577619e-18,2.6734802811087064e-18,1.903945690861882e-12,4.724241135903346e-13,1.3379403690184079e-12
0.31,7.355614384785869e-18,8.561345050580227e-18,2.6795256080925964e-18,1.9077937573528263e-12,4.733269790805899e-13,1.3407117342755256e-12
0.32,7.370567204391357e-18,8.578758941056101e-18,2.6847540861204703e-18,1.911121870455357e-12,4.741078487657786e-13,1.3431086307551616e-12
0.33,7.383499588488804e-18,8.5938198546805e-18,2.6892760887947326e-18,1.9140002866294436e-12,4.747832068029075e-13,1.3451816569362482e-12
0.34,7.394684539719968e-18,8.606845727270563e-18,2.6931870751410533e-18,1.9164897692333357e-12,4.753673099983348e-13,1.3469745743961738e-12
0.35000000000000003,7.40435817304377e-18,8.618111535012967e-18,2.6965696064687248e-18,1.9186428712383154e-12,4.758724887689403e-13,1.3485252316177916e-12
0.36,7.412724698064021e-18,8.627855099333427e-18,2.6994950878612306e-18,1.920505044621974e-12,4.763094074372014e-13,1.3498663629708959e-12
0.37,7.419960732196959e-18,8.636282106242836e-18,2.7020252759829666e-18,1.922115599859425e-12,4.766872893550168e-13,1.3510262797347271e-12
0.38,7.426219029751464e-18,8.643570450514096e-18,2.704213583694601e-18,1.923508535767367e-12,4.770141116086431e-13,1.3520294677490221e-12
0.39,7.431631700872329e-18,8.649873988777314e-18,2.706106205628447e-18,1.924713257219032e-12,4.772967734149628e-13,1.3528971043100334e-12
0.4,7.43631300842557e-18,8.655325788441557e-18,2.7077430951611993e-18,1.9257551958809836e-12,4.775412417639372e-13,1.3536475052232004e-12
0.41000000000000003,7.440361774389988e-18,8.660040936963298e-18,2.7091588070653265e-18,1.926656347075537e-12,4.777526773817461e-13,1.354296511449755e-12
0.42,7.443863467600995e-18,8.664118971750775e-18,2.7103832269577847e-18,1.9274357341019514e-12,4.779355436737057e-13,1.3548578235093704e-12
0.43,7.446892010423098e-18,8.667645979358819e-18,2.711442202489029e-18,1.9281098098182314e-12,4.780937009467401e-13,1.3553432906980944e-12
0.44,7.449511334412147e-18,8.670696415449135e-18,2.7123580884031523e-18,1.928692803960908e-12,4.782304879004515e-13,1.3557631612269564e-12
0.45,7.451776733365727e-18,8.67333467460303e-18,2.713150219199035e-18,1.9291970235347426e-12,4.783487921070593e-13,1.3561262985616766e-12
0.46,7.453736029694079e-18,8.675616450003094e-18,2.7138353167812906e-18,1.9296331126135644e-12,4.784511109680428e-13,1.3564403685303993e-12
0.47000000000000003,7.455430585375104e-18,8.677589910660525e-18,2.7144278435776283e-18,1.9300102770366373e-12,4.785396044342783e-13,1.3567120011493084e-12
0.48,7.456896171020942e-18,8.679296715755654e-18,2.714940307684302e-18,1.9303364787439047e-12,4.786161406025965e-13,1.3569469305822478e-12
0.49,7.458163726123354e-18,8.680772896412585e-18,2.7153835273181536e-18,1.930618603852516e-12,4.786823351513021e-13,1.3571501161889062e-12
0.5,7.459260008072997e-18,8.682049614251036e-18,2.7157668586556075e-18,1.9308626080227448e-12,4.787395854471375e-13,1.3573258472168865e-12
0.51,7.460208160013727e-18,8.683153821395179e-18,2.7160983941717016e-18,1.93107364218196e-12,4.787891000436916e-13,1.3574778333477088e-12
0.52,7.461028196028854e-18,8.684108827228042e-18,2.716385132306252e-18,1.931256161260686e-12,4.788319241939625e-13,1.3576092830081812e-12
0.53,7.461737428910678e-18,8.684934791987869e-18,2.7166331262319104e-18,1.9314140182361773e-12,4.788689619156462e-13,1.3577229711002773e-12
0.54,7.46235082999194e-18,8.685649151613556e-18,2.716847611007293e-18,1.9315505454687548e-12,4.789009950749455e-13,1.3578212975793114e-12
0.55,7.462881347793537e-18,8.686266987060501e-18,2.717033114518911e-18,1.931668625047929e-12,4.789286998917667e-13,1.3579063381169872e-12
0.56,7.463340180979375e-18,8.686801339673428e-18,2.7171935527081676e-18,1.931770749633291e-12,4.789526612147165e-13,1.3579798879188242e-12
0.5700000000000001,7.46373701734216e-18,8.687263490244604e-18,2.717332312226406e-18,1.93185907507456e-12,4.78973384867258e-13,1.3580434996209374e-12
0.58,7.46408023190609e-18,8.687663194706112e-18,2.717452322613332e-18,1.9319354659215605e-12,4.789913083256387e-13,1.3580985160661852e-12
0.59,7.46437707120143e-18,8.688008890735182e-18,2.717556116951151e-18,1.9320015347848644e-12,4.790068099540172e-13,1.3581460986515773e-12
0.6,7.464633801766391e-18,8.688307876154016e-18,2.717645886618715e-18,1.932058676377996e-12,4.790202169917259e-13,1.3581872518453607e-12
0.61,7.464855843919034e-18,8.688566463707505e-18,2.7177235270026836e-18,1.9321080972974887e-12,4.790318126415256e-13,1.3582228445893798e-12
0.62,7.4650478835846e-18,8.688790110808566e-18,2.7177906765918738e-18,1.9321508405951605e-12,4.790418415039197e-13,1.358253628148526e-12
0.63,7.465213975104488e-18,8.688983539235247e-18,2.717848753038901e-18,1.9321878083416754e-12,4.790505151898456e-13,1.3582802522045257e-12
0.64,7.465357624505516e-18,8.689150831558306e-18,2.7178989821638866e-18,1.9322197809192417e-12,4.790580168473459e-13,1.3583032787616239e-12
0.65,7.465481863450248e-18,8.689295518754577e-18,2.717942424146016e-18,1.932247433285567e-12,4.790645048569112e-13,1.3583231939163253e-12
0.66,7.465589314770205e-18,8.689420655832965e-18,2.7179799961861285e-18,1.932271349198331e-12,4.79070116189385e-13,1.3583404180880185e-12
0.67,7.46568224687646e-18,8.689528883710286e-18,2.7180124913095044e-18,1.9322920335363565e-12,4.790749693048098e-13,1.3583553148888409e-12
0.68,7.465762622458644e-18,8.68962248791398e-18,2.7180405957901398e-18,1.9323099229578763e-12,4.790791666556958e-13,1.3583681987988136e-12
0.6900000000000001,7.465832136963143e-18,8.689703443887199e-18,2.7180649025498002e-18,1.932325395118721e-12,4.790827968506308e-13,1.3583793418045947e-12
0.7000000000000001,7.465892258273779e-18,8.689773461059913e-18,2.7180859249430497e-18,1.9323387766449043e-12,4.79085936525106e-13,1.3583889791413036e-12
0.71,7.465944256472286e-18,8.689834017400654e-18,2.7181041069030358e-18,1.9323503500279215e-12,4.790886519594118e-13,1.3583973142585034e-12
0.72,7.465989228488435e-18,8.689886391324e-18,2.7181198319844686e-18,1.9323603595883334e-12,4.790910004778791e-13,1.3584045231151568e-12
0.73,7.466028123651958e-18,8.689931687956945e-18,2.7181334321309005e-18,1.9323690166335197e-12,4.790930316590363e-13,1.358410757894232e-12
0.74,7.466061762931668e-18,8.689970864347577e-18,2.7181451947878044e-18,1.9323765039185063e-12,4.790947883822443e-13,1.3584161502153727e-12
0.75,7.466090857573336e-18,8.690004746917234e-18,2.7181553679203223e-18,1.9323829795040328e-12,4.790963077329037e-13,1.3584208139134677e-12
0.76,7.46611602052292e-18,8.690034051204355e-18,2.7181641664095217e-18,1.9323885800932955e-12,4.79097621785348e-13,1.3584248474417676e-12
0.77,7.466137783260778e-18,8.690059395967237e-18,2.7181717760776244e-18,1.9323934239178377e-12,4.790987582799528e-13,1.3584283359502894e-12
0.78,7.466156605120614e-18,8.690081316229076e-18,2.718178357658095e-18,1.9323976132334773e-12,4.790997412087478e-13,1.3584313530833804e-12
0.79,7.466172883810861e-18,8.690100274383894e-18,2.7181840497732077e-18,1.93240123647899e-12,4.79100591321906e-13,1.3584339625343916e-12
0.8,7.466186963230578e-18,8.69011667094988e-18,2.7181889727387154e-18,1.932404370143095e-12,4.791013265657856e-13,1.358436219390279e-12
0.81,7.466199139782268e-18,8.690130851973343e-18,2.7181932306040344e-18,1.932407080379177e-12,4.791019624617927e-13,1.3584381712945204e-12
0.8200000000000001,7.466209671089616e-18,8.690143116608932e-18,2.718196912971868e-18,1.9324094244018203e-12,4.791025124340441e-13,1.3584398594528954e-12
0.8300000000000001,7.466218780206027e-18,8.690153724347307e-18,2.718200097920633e-18,1.9324114516946417e-12,4.791029880927584e-13,1.3584413195033628e-12
0.84,7.466226657117693e-18,8.690162898188251e-18,2.7182028524455818e-18,1.932413205054916e-12,4.791033994793551e-13,1.3584425822683955e-12
0.85,7.466233469866198e-18,8.690170832926045e-18,2.7182052348298262e-18,1.9324147214970494e-12,4.791037552784324e-13,1.358443674405664e-12
0.86,7.466239362744853e-18,8.690177695678312e-18,2.7182072951957405e-18,1.932416033033974e-12,4.791040630011062e-13,1.3584446189707902e-12
0.87,7.466244459004195e-18,8.690183630645704e-18,2.718209077159163e-18,1.9324171673529624e-12,4.791043291435726e-13,1.3584454359040674e-12
0.88,7.46624886656359e-18,8.690188763695293e-18,2.718210618435939e-18,1.932418148400116e-12,4.791045593242466e-13,1.35844614245141e-12
0.89,7.466252679213694e-18,8.690193203418279e-18,2.718211951503603e-18,1.9324189968858845e-12,4.791047584023697e-13,1.3584467535284222e-12
0.9,7.466255976616437e-18,8.690197042892833e-18,2.7182131043733387e-18,1.9324197307222705e-12,4.791049305805905e-13,1.35844728203528e-12
0.91,7.466258828212973e-18,8.690200363914923e-18,2.7182141013619403e-18,1.9324203654009674e-12,4.791050794936878e-13,1.3584477391290547e-12
0.92,7.466261294125518e-18,8.690203236116893e-18,2.7182149637534965e-18,1.932420914320395e-12,4.791052082852991e-13,1.3584481344592498e-12
0.93,7.466263427261617e-18,8.690205720140583e-18,2.7182157095788284e-18,1.9324213890685464e-12,4.79105319674287e-13,1.358448476371504e-12
0.9400000000000001,7.466265272111707e-18,8.690207868695029e-18,2.7182163546080117e-18,1.9324217996676166e-12,4.791054160121341e-13,1.358448772083775e-12
0.9500000000000001,7.466266867755225e-18,8.690209726732761e-18,2.7182169125709373e-18,1.93242215478558e-12,4.791054993325856e-13,1.3584490278387124e-12
0.96,7.466268247560001e-18,8.690211333741486e-18,2.718217395047032e-18,1.9324224619191736e-12,4.791055713945831e-13,1.3584492490354445e-12
0.97,7.466269440985918e-18,8.690212723567811e-18,2.7182178123474985e-18,1.932422727552157e-12,4.79105633719395e-13,1.3584494403435566e-12
0.98,7.466270472983696e-18,8.690213926003805e-18,2.7182181732947573e-18,1.9324229572921917e-12,4.791056876227327e-13,1.358449605801669e-12
0.99,7.46627136579855e-18,8.690214965553e-18,2.7182184854430054e-18,1.9324231559892143e-12,4.791057342425248e-13,1.3584497489026944e-12
1.0,7.46627213836898e-18,8.69021586442723e-18,2.7182187553539177e-18,1.932423327837831e-12,4.791057745629421e-13,1.3584498726675747e-12
1.01,7.46627280572554e-18,8.6902166418415e-18,2.7182189888172075e-18,1.932423476465861e-12,4.791058094351701e-13,1.3584499797090545e-12
1.02,7.466273383500001e-18,8.690217314895394e-18,2.718219190850626e-18,1.9324236050109232e-12,4.791058395953816e-13,1.3584500722868397e-12
1.03,7.466273882814976e-18,8.690217896633963e-18,2.7182193655345422e-18,1.9324237161866766e-12,4.79105865680274e-13,1.3584501523552979e-12
1.04,7.466274315093684e-18,8.6902183995734e-18,2.7182195165633446e-18,1.9324238123401023e-12,4.79105888240515e-13,1.3584502216047185e-12
1.05,7.466274688452624e-18,8.690218834643334e-18,2.718219647135161e-18,1.932423895501052e-12,4.791059077523638e-13,1.3584502814969955e-12
1.06,7.466275011609515e-18,8.69021921101056e-18,2.7182197601724175e-18,1.9324239674251e-12,4.791059246277254e-13,1.358450333296488e-12
1.07,7.466275291177803e-18,8.690219536607874e-18,2.718219857935859e-18,1.9324240296306018e-12,4.791059392228492e-13,1.3584503780967121e-12
1.08,7.466275532568487e-18,8.690219818134085e-18,2.7182199424105306e-18,1.932424083430751e-12,4.791059518458455e-13,1.3584504168434248e-12
1.09,7.466275741192563e-18,8.69022006158286e-18,2.7182200155263366e-18,1.9324241299612984e-12,4.791059627631928e-13,1.3584504503545915e-12
1.1,7.466275922761645e-18,8.690220272066453e-18,2.7182200787720602e-18,1.932424170204529e-12,4.791059722053627e-13,1.3584504793376505e-12
1.11,7.466276079079398e-18,8.690220454168252e-18,2.718220133471064e-18,1.93242420501e-12,4.791059803716848e-13,1.358450504404451e-12
1.12,7.466276213753154e-18,8.69022061176652e-18,2.7182201807261515e-18,1.9324242351124744e-12,4.791059874345541e-13,1.3584505260841672e-12
1.1300000000000001,7.466276331592689e-18,8.690220747858087e-18,2.718220221584984e-18,1.9324242611474325e-12,4.791059935430719e-13,1.358450544834469e-12
1.1400000000000001,7.466276432297395e-18,8.690220865792361e-18,2.718220256929804e-18,1.9324242836644863e-12,4.791059988261929e-13,1.3584505610511861e-12
1.1500000000000001,7.466276519775214e-18,8.690220967684753e-18,2.7182202875877138e-18,1.932424303138983e-12,4.791060033954456e-13,1.3584505750766625e-12
1.16,7.466276595529202e-18,8.690221055650677e-18,2.718220314054974e-18,1.9324243199820397e-12,4.791060073472908e-13,1.3584505872069837e-12
1.17,7.466276660761804e-18,8.690221131805543e-18,2.7182203368829854e-18,1.932424334549223e-12,4.791060107651531e-13,1.358450597698228e-12
1.18,7.466276717276683e-18,8.6902211979122e-18,2.7182203567334306e-18,1.9324243471480554e-12,4.791060137211862e-13,1.3584506067718705e-12
1.19,7.466276766576897e-18,8.69022125502835e-18,2.7182203738820094e-18,1.932424358044504e-12,4.791060162777926e-13,1.358450614619461e-12
1.2,7.466276808963057e-18,8.690221304211701e-18,2.718220388659563e-18,1.9324243674685977e-12,4.791060184889449e-13,1.3584506214066667e-12
1.21,7.466276845336995e-18,8.690221346696246e-18,2.718220401452072e-18,1.9324243756192873e-12,4.79106020401321e-13,1.3584506272767697e-12
1.22,7.466276877502379e-18,8.690221383715972e-18,2.718220412480097e-18,1.9324243826686364e-12,4.791060220552921e-13,1.3584506323536907e-12
1.23,7.466276904857986e-18,8.690221415623451e-18,2.7182204220193388e-18,1.9324243887654608e-12,4.791060234857751e-13,1.3584506367446055e-12
1.24,7.46627692860626e-18,8.690221442947536e-18,2.7182204303454975e-18,1.932424394038467e-12,4.791060247229674e-13,1.3584506405422102e-12
1.25,7.466276949348424e-18,8.690221467274785e-18,2.7182204376239943e-18,1.9324243985989734e-12,4.791060257929879e-13,1.3584506438266738e-12
1.26,7.466276966783864e-18,8.690221487723777e-18,2.7182204437996882e-18,1.9324244025432533e-12,4.791060267184245e-13,1.3584506466673328e-12
1.27,7.466276981814418e-18,8.690221505528503e-18,2.71822044909314e-18,1.9324244059545736e-12,4.791060275188142e-13,1.3584506491241552e-12
1.28,7.466276994740693e-18,8.690221520865247e-18,2.718220453780051e-18,1.932424408904947e-12,4.791060282110531e-13,1.358450651249006e-12
1.29,7.466277006464525e-18,8.690221534791716e-18,2.71822045786042e-18,1.932424411456659e-12,4.791060288097554e-13,1.358450653086742e-12
1.3,7.46627701638469e-18,8.690221545897634e-18,2.7182204612239678e-18,1.9324244136635782e-12,4.791060293275595e-13,1.358450654676159e-12
1.31,7.466277025102411e-18,8.690221555945846e-18,2.7182204642566746e-18,1.9324244155722935e-12,4.791060297753968e-13,1.35845065605081e-12
1.32,7.466277033218909e-18,8.690221564583782e-18,2.7182204668482606e-18,1.932424417223099e-12,4.791060301627204e-13,1.3584506572397155e-12
1.33,7.466277038930519e-18,8.690221572164012e-18,2.7182204690538656e-18,1.9324244186508432e-12,4.791060304977084e-13,1.3584506582679726e-12
1.34,7.466277044341519e-18,8.69022157851025e-18,2.71822047098377e-18,1.932424419885668e-12,4.791060307874327e-13,1.3584506591572897e-12
1.35,7.466277049451907e-18,8.690221584151352e-18,2.7182204726931136e-18,1.9324244209536397e-12,4.791060310380079e-13,1.3584506599264399e-12
1.36,7.466277053359851e-18,8.6902215892636e-18,2.7182204742370373e-18,1.932424421877305e-12,4.791060312547252e-13,1.358450660591661e-12
1.37,7.466277056967183e-18,8.690221592965572e-18,2.71822047545012e-18,1.9324244226761614e-12,4.791060314421597e-13,1.3584506611669955e-12
1.3800000000000001,7.466277060273906e-18,8.690221596667545e-18,2.7182204764426423e-18,1.9324244233670757e-12,4.791060316042664e-13,1.3584506616645897e-12
1.3900000000000001,7.466277062678793e-18,8.69022160001695e-18,2.7182204774903047e-18,1.9324244239646317e-12,4.7910603174447e-13,1.3584506620949478e-12
1.4000000000000001,7.466277065384293e-18,8.690221602661215e-18,2.7182204783174064e-18,1.9324244244814443e-12,4.79106031865728e-13,1.3584506624671548e-12
1.41,7.466277066887349e-18,8.690221604952913e-18,2.7182204789790878e-18,1.9324244249284243e-12,4.791060319706023e-13,1.3584506627890686e-12
1.42,7.466277068991626e-18,8.69022160689204e-18,2.7182204795856294e-18,1.9324244253150073e-12,4.791060320613052e-13,1.3584506630674844e-12
1.43,7.46627707049468e-18,8.690221608654886e-18,2.7182204801921706e-18,1.9324244256493542e-12,4.791060321397521e-13,1.35845066330828e-12
1.44,7.466277071697125e-18,8.690221610241445e-18,2.7182204805230115e-18,1.932424425938523e-12,4.791060322075994e-13,1.3584506635165388e-12
1.45,7.466277072298348e-18,8.690221611475436e-18,2.7182204808538523e-18,1.9324244261886186e-12,4.791060322662786e-13,1.3584506636966572e-12
1.46,7.466277073500792e-18,8.690221612709428e-18,2.718220481184693e-18,1.932424426404922e-12,4.791060323170295e-13,1.3584506638524374e-12
1.47,7.466277074703236e-18,8.690221613590849e-18,2.7182204815155337e-18,1.932424426591997e-12,4.791060323609218e-13,1.3584506639871687e-12
1.48,7.466277075003846e-18,8.690221614648555e-18,2.7182204818463745e-18,1.932424426753794e-12,4.79106032398884e-13,1.3584506641036943e-12
1.49,7.466277075605069e-18,8.690221615177408e-18,2.718220482066935e-18,1.9324244268937287e-12,4.791060324317169e-13,1.3584506642044748e-12
1.5,7.466277076506902e-18,8.690221615529978e-18,2.718220482177215e-18,1.932424427014754e-12,4.791060324601128e-13,1.3584506642916376e-12
1.51,7.466277076807513e-18,8.690221616411399e-18,2.7182204824529158e-18,1.932424427119428e-12,4.791060324846717e-13,1.358450664367023e-12
1.52,7.466277077108125e-18,8.690221616940253e-18,2.718220482618336e-18,1.9324244272099577e-12,4.791060325059126e-13,1.3584506644322221e-12
1.53,7.466277077709346e-18,8.690221617469106e-18,2.7182204827286165e-18,1.9324244272882535e-12,4.79106032524283e-13,1.3584506644886112e-12
1.54,7.466277077709346e-18,8.69022161764539e-18,2.7182204827286165e-18,1.9324244273559712e-12,4.791060325401713e-13,1.358450664537381e-12
1.55,7.46627707831057e-18,8.690221617997959e-18,2.7182204828388968e-18,1.9324244274145383e-12,4.791060325539125e-13,1.3584506645795606e-12
1.56,7.466277078009958e-18,8.690221617821675e-18,2.7182204828388968e-18,1.9324244274651918e-12,4.791060325657977e-13,1.358450664616041e-12
1.57,7.46627707891179e-18,8.690221618174244e-18,2.718220482949177e-18,1.9324244275090004e-12,4.791060325760759e-13,1.358450664647592e-12
1.58,7.46627707891179e-18,8.690221618350529e-18,2.7182204830043172e-18,1.9324244275468896e-12,4.791060325849658e-13,1.3584506646748799e-12
1.59,7.46627707891179e-18,8.690221618703097e-18,2.7182204830594573e-18,1.9324244275796594e-12,4.791060325926548e-13,1.3584506646984804e-12
1.6,7.466277079212402e-18,8.690221618879381e-18,2.7182204831145975e-18,1.9324244276080012e-12,4.791060325993046e-13,1.358450664718892e-12
1.61,7.466277079513014e-18,8.69022161923195e-18,2.7182204832248774e-18,1.9324244276325137e-12,4.79106032605056e-13,1.3584506647365458e-12
1.62,7.466277079212402e-18,8.69022161923195e-18,2.7182204832800175e-18,1.932424427653713e-12,4.791060326100296e-13,1.358450664751814e-12
1.6300000000000001,7.466277079212402e-18,8.690221619408234e-18,2.7182204832800175e-18,1.932424427672048e-12,4.79106032614332e-13,1.358450664765019e-12
1.6400000000000001,7.466277079513014e-18,8.69022161923195e-18,2.7182204832800175e-18,1.932424427687906e-12,4.791060326180526e-13,1.3584506647764397e-12
1.6500000000000001,7.466277079513014e-18,8.69022161958452e-18,2.7182204832800175e-18,1.932424427701622e-12,4.791060326212705e-13,1.358450664786317e-12
1.6600000000000001,7.466277079513014e-18,8.69022161958452e-18,2.7182204832800175e-18,1.932424427713484e-12,4.791060326240535e-13,1.35845066479486e-12
1.67,7.466277079513014e-18,8.69022161958452e-18,2.7182204833351577e-18,1.9324244277237423e-12,4.791060326264609e-13,1.3584506648022485e-12
1.68,7.466277079813624e-18,8.69022161958452e-18,2.7182204833351577e-18,1.932424427732616e-12,4.791060326285426e-13,1.358450664808639e-12
1.69,7.466277079813624e-18,8.690221619760804e-18,2.718220483390298e-18,1.9324244277402895e-12,4.791060326303431e-13,1.3584506648141657e-12
1.7,7.466277079813624e-18,8.690221619760804e-18,2.718220483390298e-18,1.932424427746927e-12,4.791060326319004e-13,1.3584506648189458e-12
1.71,7.466277079813624e-18,8.69022161958452e-18,2.718220483390298e-18,1.932424427752667e-12,4.791060326332474e-13,1.35845066482308e-12
1.72,7.466277079813624e-18,8.69022161958452e-18,2.7182204833351577e-18,1.932424427757632e-12,4.791060326344123e-13,1.3584506648266554e-12
1.73,7.466277079813624e-18,8.690221619760804e-18,2.718220483390298e-18,1.932424427761926e-12,4.791060326354196e-13,1.3584506648297478e-12
1.74,7.466277079813624e-18,8.690221619760804e-18,2.718220483390298e-18,1.9324244277656385e-12,4.791060326362907e-13,1.358450664832422e-12
1.75,7.466277079813624e-18,8.690221619760804e-18,2.718220483390298e-18,1.9324244277688507e-12,4.791060326370445e-13,1.3584506648347354e-12
1.76,7.466277079813624e-18,8.690221619760804e-18,2.718220483390298e-18,1.9324244277716283e-12,4.791060326376958e-13,1.3584506648367359e-12
1.77,7.466277079813624e-18,8.690221619760804e-18,2.718220483390298e-18,1.9324244277740302e-12,4.791060326382598e-13,1.3584506648384662e-12
1.78,7.466277080114235e-18,8.690221619760804e-18,2.718220483390298e-18,1.9324244277761087e-12,4.791060326387476e-13,1.358450664839963e-12
1.79,7.466277080114235e-18,8.690221619760804e-18,2.718220483390298e-18,1.932424427777906e-12,4.791060326391689e-13,1.3584506648412569e-12
1.8,7.466277080114235e-18,8.690221620113372e-18,2.718220483500578e-18,1.9324244277794606e-12,4.791060326395335e-13,1.3584506648423763e-12
1.81,7.466277080114235e-18,8.690221619760804e-18,2.7182204833351577e-18,1.9324244277808044e-12,4.79106032639849e-13,1.3584506648433442e-12
1.82,7.466277079813624e-18,8.690221619760804e-18,2.7182204833351577e-18,1.932424427781967e-12,4.791060326401213e-13,1.3584506648441817e-12
1.83,7.466277080114235e-18,8.69022161958452e-18,2.7182204833351577e-18,1.9324244277829725e-12,4.791060326403573e-13,1.3584506648449057e-12
1.84,7.466277080114235e-18,8.690221619937088e-18,2.718220483445438e-18,1.9324244277838413e-12,4.791060326405618e-13,1.3584506648455321e-12
1.85,7.466277080114235e-18,8.69022161958452e-18,2.718220483390298e-18,1.9324244277845938e-12,4.791060326407382e-13,1.358450664846074e-12
1.86,7.466277080114235e-18,8.690221620113372e-18,2.718220483500578e-18,1.932424427785245e-12,4.79106032640891e-13,1.3584506648465423e-12
1.87,7.466277080114235e-18,8.690221619760804e-18,2.718220483390298e-18,1.9324244277858075e-12,4.791060326410228e-13,1.3584506648469476e-12
1.8800000000000001,7.466277080114235e-18,8.690221620113372e-18,2.718220483500578e-18,1.9324244277862946e-12,4.791060326411369e-13,1.3584506648472982e-12
1.8900000000000001,7.466277080114235e-18,8.690221619937088e-18,2.718220483445438e-18,1.9324244277867142e-12,4.791060326412357e-13,1.3584506648476015e-12
1.9000000000000001,7.466277080114235e-18,8.690221619937088e-18,2.718220483445438e-18,1.9324244277870793e-12,4.791060326413212e-13,1.3584506648478632e-12
1.9100000000000001,7.466277080114235e-18,8.69022161958452e-18,2.7182204833351577e-18,1.932424427787393e-12,4.791060326413951e-13,1.3584506648480898e-12
1.92,7.466277080114235e-18,8.690221619937088e-18,2.718220483445438e-18,1.9324244277876654e-12,4.791060326414589e-13,1.3584506648482857e-12
1.93,7.466277080114235e-18,8.690221619937088e-18,2.718220483445438e-18,1.9324244277879013e-12,4.791060326415142e-13,1.3584506648484555e-12
1.94,7.466277080114235e-18,8.690221619937088e-18,2.718220483500578e-18,1.932424427788105e-12,4.79106032641562e-13,1.3584506648486022e-12
1.95,7.466277080114235e-18,8.69022161958452e-18,2.718220483390298e-18,1.9324244277882813e-12,4.791060326416031e-13,1.3584506648487288e-12
1.96,7.466277080114235e-18,8.690221619937088e-18,2.718220483500578e-18,1.9324244277884336e-12,4.791060326416391e-13,1.3584506648488388e-12
1.97,7.466277080114235e-18,8.690221619937088e-18,2.718220483445438e-18,1.9324244277885645e-12,4.791060326416697e-13,1.3584506648489335e-12
1.98,7.466277080114235e-18,8.690221619937088e-18,2.718220483445438e-18,1.9324244277886796e-12,4.791060326416964e-13,1.3584506648490157e-12
1.99,7.466277080114235e-18,8.69022161958452e-18,2.7182204833351577e-18,1.932424427788777e-12,4.791060326417198e-13,1.3584506648490868e-12
2.0,7.466277080114235e-18,8.690221619937088e-18,2.718220483445438e-18,1.9324244277888634e-12,4.791060326417397e-13,1.358450664849148e-12
2.0100000000000002,7.466277080114235e-18,8.690221619937088e-18,2.718220483445438e-18,1.932424427788937e-12,4.791060326417571e-13,1.3584506648492011e-12
2.02,7.466277080114235e-18,8.690221619937088e-18,2.718220483445438e-18,1.9324244277890003e-12,4.791060326417719e-13,1.358450664849247e-12
2.0300000000000002,7.466277080114235e-18,8.690221619937088e-18,2.718220483445438e-18,1.9324244277890556e-12,4.791060326417847e-13,1.3584506648492868e-12
2.04,7.466277080114235e-18,8.690221619937088e-18,2.718220483445438e-18,1.9324244277891025e-12,4.791060326417961e-13,1.3584506648493209e-12
2.05,7.466277080114235e-18,8.690221619937088e-18,2.718220483445438e-18,1.932424427789144e-12,4.791060326418056e-13,1.358450664849351e-12
2.06,7.466277080114235e-18,8.690221619937088e-18,2.718220483445438e-18,1.9324244277891804e-12,4.791060326418141e-13,1.3584506648493764e-12
2.07,7.466277080114235e-18,8.690221619937088e-18,2.718220483445438e-18,1.932424427789211e-12,4.791060326418216e-13,1.3584506648493988e-12
2.08,7.466277080114235e-18,8.69022161958452e-18,2.7182204833351577e-18,1.9324244277892374e-12,4.791060326418276e-13,1.3584506648494182e-12
2.09,7.466277080114235e-18,8.690221619937088e-18,2.718220483445438e-18,1.932424427789261e-12,4.791060326418331e-13,1.3584506648494346e-12
2.1,7.466277080114235e-18,8.690221619937088e-18,2.718220483445438e-18,1.93242442778928e-12,4.791060326418376e-13,1.358450664849449e-12
2.11,7.466277080114235e-18,8.690221619937088e-18,2.718220483445438e-18,1.932424427789298e-12,4.791060326418419e-13,1.3584506648494612e-12
2.12,7.466277080114235e-18,8.690221619937088e-18,2.718220483445438e-18,1.9324244277893133e-12,4.791060326418452e-13,1.358450664849472e-12
2.13,7.466277080114235e-18,8.690221619937088e-18,2.718220483445438e-18,1.9324244277893254e-12,4.79106032641848e-13,1.358450664849481e-12
2.14,7.466277080114235e-18,8.690221619937088e-18,2.718220483445438e-18,1.9324244277893363e-12,4.791060326418507e-13,1.3584506648494891e-12
2.15,7.466277080114235e-18,8.690221619937088e-18,2.718220483445438e-18,1.932424427789346e-12,4.791060326418535e-13,1.3584506648494964e-12
2.16,7.466277080114235e-18,8.690221619937088e-18,2.718220483445438e-18,1.9324244277893553e-12,4.791060326418551e-13,1.3584506648495024e-12
2.17,7.466277080114235e-18,8.690221619937088e-18,2.718220483445438e-18,1.932424427789362e-12,4.791060326418571e-13,1.3584506648495075e-12
2.18,7.466277080114235e-18,8.690221619937088e-18,2.718220483445438e-18,1.9324244277893674e-12,4.791060326418586e-13,1.3584506648495121e-12
2.19,7.466277080114235e-18,8.690221619937088e-18,2.718220483445438e-18,1.932424427789374e-12,4.791060326418595e-13,1.3584506648495162e-12
2.2,7.466277080114235e-18,8.690221619937088e-18,2.718220483445438e-18,1.932424427789378e-12,4.79106032641861e-13,1.3584506648495196e-12
2.21,7.466277080114235e-18,8.690221619937088e-18,2.718220483445438e-18,1.9324244277893824e-12,4.791060326418618e-13,1.3584506648495222e-12
2.22,7.466277080114235e-18,8.690221619937088e-18,2.718220483445438e-18,1.932424427789386e-12,4.791060326418623e-13,1.3584506648495249e-12
2.23,7.466277080114235e-18,8.690221619937088e-18,2.718220483445438e-18,1.932424427789389e-12,4.79106032641863e-13,1.3584506648495269e-12
2.24,7.466277080114235e-18,8.690221619937088e-18,2.718220483445438e-18,1.9324244277893917e-12,4.791060326418638e-13,1.3584506648495285e-12
2.25,7.466277080114235e-18,8.690221619937088e-18,2.718220483445438e-18,1.932424427789394e-12,4.791060326418645e-13,1.3584506648495305e-12
2.2600000000000002,7.466277080114235e-18,8.690221619937088e-18,2.718220483445438e-18,1.9324244277893957e-12,4.79106032641865e-13,1.358450664849532e-12
2.27,7.466277080114235e-18,8.690221619937088e-18,2.718220483445438e-18,1.9324244277893977e-12,4.791060326418654e-13,1.3584506648495331e-12
2.2800000000000002,7.466277080114235e-18,8.690221619937088e-18,2.718220483445438e-18,1.932424427789399e-12,4.791060326418653e-13,1.3584506648495341e-12
2.29,7.466277080114235e-18,8.690221619937088e-18,2.718220483445438e-18,1.9324244277894e-12,4.791060326418658e-13,1.3584506648495352e-12
2.3000000000000003,7.466277080114235e-18,8.690221619937088e-18,2.718220483445438e-18,1.9324244277894013e-12,4.79106032641866e-13,1.358450664849536e-12
2.31,7.466277080114235e-18,8.690221619937088e-18,2.718220483445438e-18,1.9324244277894017e-12,4.791060326418666e-13,1.3584506648495366e-12
2.32,7.466277079813624e-18,8.690221619937088e-18,2.718220483445438e-18,1.932424427789403e-12,4.791060326418666e-13,1.3584506648495372e-12
2.33,7.466277080114235e-18,8.690221619937088e-18,2.718220483445438e-18,1.9324244277894038e-12,4.791060326418666e-13,1.3584506648495376e-12
2.34,7.466277079813624e-18,8.690221619937088e-18,2.718220483445438e-18,1.932424427789405e-12,4.791060326418669e-13,1.3584506648495382e-12
2.35,7.466277080114235e-18,8.690221619937088e-18,2.718220483445438e-18,1.9324244277894054e-12,4.791060326418669e-13,1.358450664849539e-12
2.36,7.466277080114235e-18,8.690221619937088e-18,2.718220483445438e-18,1.9324244277894054e-12,4.791060326418671e-13,1.358450664849539e-12
2.37,7.466277080114235e-18,8.690221619937088e-18,2.718220483445438e-18,1.932424427789406e-12,4.791060326418671e-13,1.3584506648495392e-12
2.38,7.466277080114235e-18,8.690221619937088e-18,2.718220483445438e-18,1.932424427789406e-12,4.791060326418673e-13,1.3584506648495396e-12
2.39,7.466277080114235e-18,8.690221619937088e-18,2.718220483445438e-18,1.9324244277894066e-12,4.791060326418673e-13,1.3584506648495396e-12
2.4,7.466277080114235e-18,8.690221619937088e-18,2.718220483445438e-18,1.9324244277894066e-12,4.791060326418673e-13,1.35845066484954e-12
2.41,7.466277080114235e-18,8.690221619937088e-18,2.718220483445438e-18,1.9324244277894066e-12,4.791060326418673e-13,1.35845066484954e-12
2.42,7.466277080114235e-18,8.690221619937088e-18,2.718220483445438e-18,1.9324244277894074e-12,4.791060326418673e-13,1.35845066484954e-12
2.43,7.466277080114235e-18,8.690221619937088e-18,2.718220483445438e-18,1.9324244277894074e-12,4.791060326418673e-13,1.3584506648495402e-12
2.44,7.466277080114235e-18,8.690221619937088e-18,2.718220483445438e-18,1.932424427789408e-12,4.791060326418676e-13,1.3584506648495402e-12
2.45,7.466277079813624e-18,8.690221619937088e-18,2.718220483445438e-18,1.9324244277894074e-12,4.791060326418676e-13,1.3584506648495402e-12
2.46,7.466277080114235e-18,8.690221619937088e-18,2.718220483445438e-18,1.932424427789408e-12,4.791060326418676e-13,1.3584506648495406e-12
2.47,7.466277079813624e-18,8.690221619937088e-18,2.718220483445438e-18,1.932424427789408e-12,4.791060326418676e-13,1.3584506648495406e-12
2.48,7.466277080114235e-18,8.690221619937088e-18,2.718220483445438e-18,1.932424427789408e-12,4.791060326418676e-13,1.3584506648495406e-12
2.49,7.466277079813624e-18,8.690221619937088e-18,2.718220483445438e-18,1.932424427789408e-12,4.791060326418676e-13,1.3584506648495406e-12
2.5,7.466277080114235e-18,8.690221619937088e-18,2.718220483445438e-18,1.932424427789408e-12,4.791060326418679e-13,1.3584506648495406e-12
